Animal,Day,Outcome,Side,SpikeCount,Times,ViterbiGuess
7.0,1.0,1.0,0.0,1.0,31.9488,2.0
7.0,1.0,1.0,1.0,2.0,32.187733333334,3.0
7.0,1.0,0.0,1.0,4.0,33.223111111111,3.0
7.0,1.0,1.0,0.0,10.0,35.054933333334,3.0
7.0,1.0,1.0,1.0,3.0,31.681422222222,3.0
7.0,1.0,0.0,1.0,6.0,34.4576,3.0
7.0,1.0,0.0,1.0,5.0,34.2016,3.0
7.0,1.0,1.0,0.0,2.0,36.514133333333,3.0
7.0,1.0,0.0,0.0,1.0,31.35488,3.0
7.0,1.0,1.0,1.0,0.0,29.038933333333,3.0
7.0,1.0,1.0,0.0,14.0,45.033244444444,3.0
7.0,1.0,1.0,1.0,1.0,31.650133333334,3.0
7.0,1.0,1.0,0.0,5.0,31.5733333333339,3.0
7.0,1.0,0.0,0.0,4.0,33.962666666666,3.0
7.0,1.0,1.0,1.0,2.0,31.6074666666671,3.0
7.0,1.0,1.0,0.0,1.0,33.006933333334,3.0
7.0,1.0,1.0,1.0,1.0,35.771733333337,3.0
7.0,1.0,1.0,0.0,1.0,32.2218666666599,3.0
7.0,1.0,0.0,0.0,2.0,30.1010488888901,3.0
7.0,1.0,1.0,1.0,5.0,28.4899555555601,3.0
7.0,2.0,0.0,0.0,5.0,26.8970666666667,2.0
7.0,2.0,1.0,1.0,2.0,30.3104000000003,3.0
7.0,2.0,0.0,1.0,1.0,35.7376,3.0
7.0,2.0,1.0,0.0,4.0,44.0064,3.0
7.0,2.0,1.0,1.0,3.0,30.346808888889,3.0
7.0,2.0,1.0,0.0,1.0,31.853226666666,3.0
7.0,2.0,0.0,0.0,2.0,41.704106666667,3.0
7.0,2.0,1.0,1.0,2.0,23.466666666667,3.0
7.0,2.0,1.0,0.0,2.0,33.439288888888,3.0
7.0,2.0,0.0,0.0,2.0,33.4848000000001,3.0
7.0,2.0,1.0,1.0,0.0,25.040213333334,3.0
7.0,2.0,1.0,0.0,0.0,31.8873600000001,3.0
7.0,2.0,1.0,1.0,2.0,33.962666666667,3.0
7.0,2.0,0.0,1.0,2.0,32.3925333333331,3.0
7.0,2.0,1.0,0.0,1.0,30.870186666667,3.0
7.0,2.0,1.0,1.0,6.0,26.3210666666699,3.0
7.0,2.0,1.0,0.0,4.0,32.1052444444499,3.0
7.0,2.0,1.0,1.0,1.0,18.6368,3.0
7.0,2.0,1.0,0.0,1.0,51.6096,3.0
7.0,2.0,1.0,1.0,1.0,40.99413333333,3.0
7.0,3.0,0.0,0.0,1.0,27.9665777777778,2.0
7.0,3.0,1.0,1.0,3.0,31.86688,3.0
7.0,3.0,1.0,0.0,4.0,36.140373333334,3.0
7.0,3.0,1.0,1.0,9.0,48.7424,3.0
7.0,3.0,1.0,0.0,6.0,31.4368,3.0
7.0,3.0,0.0,0.0,6.0,31.0272,3.0
7.0,3.0,1.0,1.0,17.0,26.043733333333,3.0
7.0,3.0,0.0,1.0,4.0,26.633102222222,3.0
7.0,3.0,1.0,0.0,5.0,23.751111111112,3.0
7.0,3.0,1.0,1.0,1.0,25.110755555556,3.0
7.0,3.0,0.0,1.0,1.0,40.6664533333339,3.0
7.0,3.0,1.0,0.0,3.0,30.9248,3.0
7.0,3.0,0.0,0.0,4.0,31.391288888889,3.0
7.0,3.0,1.0,1.0,5.0,35.495822222223,3.0
7.0,3.0,0.0,1.0,4.0,31.715555555553,3.0
7.0,3.0,1.0,0.0,7.0,33.0069333333299,3.0
7.0,3.0,0.0,0.0,5.0,35.8399999999999,3.0
7.0,3.0,1.0,1.0,4.0,29.22951111111,3.0
7.0,3.0,1.0,0.0,5.0,33.7237333333301,3.0
7.0,3.0,0.0,0.0,0.0,28.8085333333299,3.0
7.0,4.0,1.0,1.0,3.0,30.4810666666667,2.0
7.0,4.0,0.0,1.0,8.0,34.520177777778,2.0
7.0,4.0,1.0,0.0,0.0,35.55328,3.0
7.0,4.0,0.0,0.0,0.0,10.40384,3.0
7.0,4.0,1.0,1.0,7.0,29.912177777778,3.0
7.0,4.0,1.0,0.0,2.0,30.185244444444,3.0
7.0,4.0,1.0,1.0,1.0,31.690666666666,3.0
7.0,4.0,1.0,0.0,1.0,25.736533333333,3.0
7.0,4.0,1.0,1.0,0.0,30.5698133333341,3.0
7.0,4.0,1.0,0.0,2.0,32.073955555555,3.0
7.0,4.0,1.0,1.0,2.0,28.4671999999999,3.0
7.0,4.0,1.0,0.0,0.0,31.9214933333329,3.0
7.0,4.0,1.0,1.0,3.0,54.82496,3.0
7.0,4.0,1.0,0.0,1.0,21.230933333333,3.0
7.0,4.0,1.0,1.0,1.0,24.8092444444401,3.0
7.0,4.0,1.0,0.0,3.0,36.69333333333,3.0
7.0,4.0,0.0,0.0,8.0,30.7882666666601,3.0
7.0,4.0,1.0,1.0,1.0,24.3712,3.0
7.0,4.0,0.0,1.0,0.0,10.57450666667,3.0
7.0,4.0,1.0,0.0,1.0,32.768,3.0
7.0,5.0,1.0,0.0,13.0,32.0512,2.0
7.0,5.0,1.0,1.0,4.0,36.693333333333,3.0
7.0,5.0,0.0,1.0,2.0,33.553066666667,3.0
7.0,5.0,1.0,0.0,6.0,31.812266666667,3.0
7.0,5.0,1.0,1.0,0.0,26.766222222223,3.0
7.0,5.0,1.0,0.0,0.0,11.537066666667,3.0
7.0,5.0,1.0,1.0,5.0,37.193955555556,3.0
7.0,5.0,1.0,0.0,1.0,31.9488,3.0
7.0,5.0,1.0,1.0,2.0,40.256853333333,3.0
7.0,5.0,1.0,0.0,1.0,29.422933333334,3.0
7.0,5.0,1.0,1.0,3.0,24.2005333333331,3.0
7.0,5.0,1.0,0.0,0.0,30.890666666667,3.0
7.0,5.0,0.0,0.0,1.0,18.4092444444441,3.0
7.0,5.0,1.0,1.0,0.0,3.04810666666594,3.0
7.0,5.0,1.0,0.0,2.0,25.6085333333369,3.0
7.0,5.0,1.0,1.0,0.0,24.22328888889,3.0
7.0,5.0,1.0,0.0,4.0,38.6048000000001,3.0
7.0,5.0,1.0,1.0,0.0,31.6693333333299,3.0
7.0,5.0,1.0,0.0,0.0,29.1612444444502,3.0
7.0,5.0,1.0,1.0,0.0,33.0833066666701,3.0
1.0,1.0,1.0,1.0,0.0,46.6809289999992,2.0
1.0,1.0,0.0,1.0,0.0,43.5990140000004,2.0
1.0,1.0,0.0,1.0,0.0,46.0010090000005,2.0
1.0,1.0,1.0,0.0,1.0,47.4805179999994,3.0
1.0,1.0,0.0,0.0,1.0,42.6812720000007,3.0
1.0,1.0,1.0,1.0,0.0,38.0011329999998,3.0
1.0,1.0,1.0,0.0,3.0,48.6410179999993,3.0
1.0,1.0,1.0,1.0,1.0,42.8409969999993,3.0
1.0,1.0,1.0,0.0,1.0,62.9981959999996,3.0
1.0,1.0,1.0,1.0,0.0,34.9199140000001,3.0
1.0,1.0,1.0,0.0,1.0,42.3996400000005,3.0
1.0,1.0,1.0,1.0,1.0,35.6015010000001,3.0
1.0,1.0,1.0,0.0,0.0,39.9202849999992,3.0
1.0,1.0,1.0,1.0,2.0,35.2013269999998,3.0
1.0,1.0,1.0,0.0,2.0,35.4792870000001,3.0
1.0,1.0,0.0,0.0,24.0,52.1997380000003,3.0
1.0,1.0,0.0,0.0,49.0,55.0000630000004,3.0
1.0,1.0,1.0,1.0,10.0,37.9183709999998,3.0
1.0,1.0,1.0,0.0,2.0,56.8017799999998,3.0
1.0,1.0,0.0,0.0,0.0,44.2408910000004,3.0
1.0,1.0,1.0,1.0,4.0,37.3185589999994,3.0
1.0,2.0,0.0,1.0,0.0,53.2818589999988,2.0
1.0,2.0,1.0,0.0,0.0,50.0790839999991,3.0
1.0,2.0,1.0,1.0,0.0,39.0414789999995,3.0
1.0,2.0,1.0,0.0,0.0,53.3201659999995,3.0
1.0,2.0,1.0,1.0,0.0,37.3601639999997,3.0
1.0,2.0,1.0,0.0,0.0,51.9610589999993,3.0
1.0,2.0,1.0,1.0,0.0,41.280146000001,3.0
1.0,2.0,1.0,0.0,0.0,59.680022999999,3.0
1.0,2.0,0.0,0.0,0.0,32.7602390000011,3.0
1.0,2.0,1.0,1.0,0.0,41.3605070000012,3.0
1.0,2.0,0.0,1.0,0.0,39.8403259999995,3.0
1.0,2.0,1.0,0.0,0.0,46.880572,3.0
1.0,2.0,1.0,1.0,0.0,38.0002510000013,3.0
1.0,2.0,0.0,1.0,0.0,36.3607269999993,3.0
1.0,2.0,0.0,1.0,0.0,47.5604500000009,3.0
1.0,2.0,1.0,0.0,0.0,44.598535000001,3.0
1.0,3.0,1.0,0.0,0.0,42.200124,2.0
1.0,3.0,1.0,1.0,0.0,40.2391500000003,3.0
1.0,3.0,1.0,0.0,0.0,39.6816040000003,3.0
1.0,3.0,1.0,1.0,0.0,33.798675,3.0
1.0,3.0,1.0,0.0,3.0,38.121153,3.0
1.0,3.0,1.0,1.0,0.0,37.6002680000001,3.0
1.0,3.0,1.0,0.0,1.0,42.720045,3.0
1.0,3.0,1.0,1.0,1.0,51.55818,3.0
1.0,3.0,1.0,0.0,0.0,43.2430000000004,3.0
1.0,3.0,0.0,0.0,0.0,36.000016,3.0
1.0,3.0,0.0,0.0,0.0,45.3219399999998,3.0
1.0,3.0,1.0,1.0,3.0,43.5984340000005,3.0
1.0,3.0,1.0,0.0,1.0,42.8409590000001,3.0
1.0,3.0,0.0,0.0,0.0,33.7616870000002,3.0
1.0,3.0,0.0,0.0,2.0,40.1618550000003,3.0
1.0,3.0,1.0,1.0,2.0,42.0392300000003,3.0
1.0,4.0,1.0,1.0,0.0,41.0411009999998,2.0
1.0,4.0,1.0,0.0,0.0,41.4390759999997,3.0
1.0,4.0,1.0,1.0,0.0,34.3604100000002,3.0
1.0,4.0,1.0,0.0,0.0,40.0011600000007,3.0
1.0,4.0,1.0,1.0,1.0,39.9580510000005,3.0
1.0,4.0,0.0,1.0,0.0,38.7604979999996,3.0
1.0,4.0,1.0,0.0,3.0,43.321293,3.0
1.0,4.0,0.0,0.0,0.0,36.4402140000002,3.0
1.0,4.0,1.0,1.0,1.0,44.2798419999999,3.0
1.0,4.0,1.0,0.0,1.0,41.4401360000002,3.0
1.0,4.0,1.0,1.0,2.0,35.2009820000003,3.0
1.0,4.0,1.0,0.0,0.0,49.960744,3.0
1.0,4.0,1.0,1.0,1.0,33.6806759999999,3.0
1.0,4.0,1.0,0.0,0.0,47.1193289999992,3.0
1.0,4.0,0.0,0.0,0.0,35.0002850000001,3.0
1.0,4.0,1.0,1.0,5.0,36.3204999999998,3.0
1.0,5.0,1.0,0.0,0.0,51.5213949999998,2.0
1.0,5.0,1.0,1.0,0.0,35.6399730000003,3.0
1.0,5.0,1.0,0.0,0.0,40.9609139999993,3.0
1.0,5.0,1.0,1.0,0.0,36.078939,3.0
1.0,5.0,1.0,0.0,0.0,40.0415280000007,3.0
1.0,5.0,1.0,1.0,8.0,47.600993,3.0
1.0,5.0,1.0,0.0,1.0,51.8786810000001,3.0
1.0,5.0,1.0,1.0,3.0,42.0014390000006,3.0
1.0,5.0,1.0,0.0,0.0,41.9604170000002,3.0
1.0,5.0,1.0,1.0,1.0,36.0390550000002,3.0
1.0,5.0,1.0,0.0,0.0,45.4805400000005,3.0
1.0,5.0,1.0,1.0,6.0,40.4802710000004,3.0
1.0,5.0,0.0,1.0,4.0,44.8395380000002,3.0
1.0,5.0,1.0,0.0,0.0,37.6416870000003,3.0
1.0,5.0,0.0,0.0,1.0,41.8786579999996,3.0
1.0,5.0,1.0,1.0,2.0,34.8819989999993,3.0
2.0,1.0,1.0,1.0,0.0,34.4384439999994,2.0
2.0,1.0,1.0,0.0,3.0,36.3975339999997,2.0
2.0,1.0,0.0,0.0,0.0,34.6788609999994,2.0
2.0,1.0,0.0,0.0,6.0,33.8404390000005,2.0
2.0,1.0,0.0,0.0,1.0,34.520415,2.0
2.0,1.0,0.0,0.0,6.0,35.3215989999999,2.0
2.0,1.0,0.0,0.0,0.0,34.8000709999997,2.0
2.0,1.0,1.0,1.0,2.0,33.9980869999999,3.0
2.0,1.0,1.0,0.0,71.0,44.2795700000006,3.0
2.0,1.0,1.0,1.0,0.0,36.1616980000008,3.0
2.0,1.0,1.0,0.0,148.0,33.7595259999998,3.0
2.0,1.0,1.0,1.0,7.0,34.8823689999999,3.0
2.0,1.0,1.0,0.0,28.0,36.7587899999999,3.0
2.0,2.0,1.0,0.0,0.0,36.3603810000004,2.0
2.0,2.0,1.0,1.0,3.0,32.9196570000004,2.0
2.0,2.0,1.0,0.0,4.0,35.5201259999994,2.0
2.0,2.0,0.0,0.0,6.0,47.6007789999985,2.0
2.0,2.0,0.0,0.0,0.0,36.9998500000002,2.0
2.0,2.0,0.0,0.0,1.0,35.9600580000006,2.0
2.0,2.0,0.0,0.0,1.0,41.2398369999992,2.0
2.0,2.0,1.0,1.0,9.0,34.640809999999,3.0
2.0,2.0,1.0,0.0,7.0,35.5220079999999,3.0
2.0,2.0,0.0,0.0,0.0,34.2402729999994,3.0
2.0,2.0,1.0,1.0,25.0,35.838577999999,3.0
2.0,2.0,1.0,0.0,1.0,38.4820889999992,3.0
2.0,2.0,1.0,1.0,25.0,40.2397509999992,3.0
2.0,2.0,1.0,0.0,5.0,43.4798960000007,3.0
2.0,2.0,1.0,1.0,14.0,42.8810910000011,3.0
2.0,2.0,1.0,0.0,0.0,37.4791580000001,3.0
2.0,2.0,1.0,1.0,154.0,36.6813199999997,3.0
2.0,2.0,1.0,0.0,1.0,35.3606919999984,3.0
2.0,2.0,1.0,1.0,26.0,46.0797349999993,3.0
2.0,3.0,0.0,0.0,0.0,48.4806219999991,2.0
2.0,3.0,0.0,0.0,3.0,50.9990580000012,2.0
2.0,3.0,1.0,1.0,10.0,42.3208339999983,3.0
2.0,3.0,1.0,0.0,3.0,36.9614440000005,3.0
2.0,3.0,1.0,1.0,0.0,48.2004310000011,3.0
2.0,3.0,1.0,0.0,5.0,49.2011319999983,3.0
2.0,3.0,0.0,0.0,7.0,41.5204650000014,3.0
2.0,3.0,1.0,1.0,32.0,45.2004540000016,3.0
2.0,3.0,0.0,1.0,2.0,59.2793729999976,3.0
2.0,3.0,0.0,1.0,20.0,57.2403659999982,3.0
2.0,3.0,1.0,0.0,23.0,53.4417729999986,3.0
2.0,3.0,0.0,0.0,92.0,42.3600970000007,3.0
2.0,4.0,0.0,1.0,1.0,36.6424419999994,2.0
2.0,4.0,0.0,1.0,2.0,36.3197,2.0
2.0,4.0,1.0,0.0,3.0,34.8397690000002,2.0
2.0,4.0,0.0,0.0,9.0,34.2006379999993,2.0
2.0,4.0,0.0,0.0,5.0,36.0407949999999,2.0
2.0,4.0,0.0,0.0,6.0,39.5201870000001,2.0
2.0,4.0,1.0,1.0,5.0,36.9609929999997,3.0
2.0,4.0,1.0,0.0,9.0,36.56052,3.0
2.0,4.0,1.0,1.0,6.0,32.75774,3.0
2.0,4.0,1.0,0.0,11.0,34.2019129999999,3.0
2.0,4.0,1.0,1.0,1.0,57.6788750000005,3.0
2.0,4.0,1.0,0.0,10.0,33.2002339999999,3.0
2.0,5.0,0.0,1.0,0.0,37.7602270000025,1.0
2.0,5.0,1.0,0.0,21.0,37.2802910000028,1.0
2.0,5.0,0.0,0.0,1.0,41.1197649999995,1.0
2.0,5.0,0.0,0.0,4.0,37.5208740000016,1.0
2.0,5.0,0.0,0.0,5.0,48.6002420000004,1.0
2.0,5.0,0.0,0.0,0.0,37.8011220000008,1.0
2.0,5.0,1.0,1.0,0.0,35.0007479999986,1.0
2.0,5.0,1.0,0.0,70.0,39.2374259999997,1.0
2.0,5.0,0.0,0.0,0.0,38.7993389999974,1.0
2.0,5.0,0.0,0.0,0.0,35.358446000002,1.0
2.0,5.0,0.0,0.0,0.0,41.6802239999997,1.0
2.0,5.0,0.0,0.0,53.0,37.6413729999986,1.0
2.0,5.0,0.0,0.0,2.0,35.2013109999971,1.0
5.0,1.0,1.0,0.0,3.0,36.5220429999999,2.0
5.0,1.0,0.0,0.0,7.0,40.1604539999998,2.0
5.0,1.0,0.0,0.0,6.0,57.8811949999999,2.0
5.0,1.0,1.0,1.0,13.0,56.1597259999999,3.0
5.0,1.0,1.0,0.0,0.0,34.5208599999996,3.0
5.0,1.0,1.0,1.0,8.0,37.4021929999999,3.0
5.0,1.0,1.0,0.0,6.0,60.4785520000005,3.0
5.0,1.0,0.0,0.0,0.0,42.5998899999995,3.0
5.0,1.0,1.0,1.0,1.0,43.800483,3.0
5.0,1.0,1.0,0.0,2.0,48.8390570000001,3.0
5.0,1.0,0.0,0.0,8.0,33.4393250000003,3.0
5.0,1.0,1.0,1.0,8.0,39.4388220000001,3.0
5.0,2.0,1.0,0.0,0.0,35.2810690000006,2.0
5.0,2.0,1.0,1.0,0.0,52.9584649999997,2.0
5.0,2.0,0.0,1.0,3.0,33.7608829999999,2.0
5.0,2.0,0.0,1.0,1.0,33.9607750000005,2.0
5.0,2.0,0.0,1.0,2.0,36.9589040000001,2.0
5.0,2.0,1.0,0.0,10.0,35.1606000000002,3.0
5.0,2.0,1.0,1.0,5.0,38.7984940000006,3.0
5.0,2.0,1.0,0.0,10.0,32.6399970000002,3.0
5.0,2.0,1.0,1.0,0.0,36.4805040000001,3.0
5.0,2.0,1.0,0.0,19.0,50.558626,3.0
5.0,2.0,0.0,0.0,3.0,45.4004029999996,3.0
5.0,2.0,0.0,0.0,69.0,34.5602639999997,3.0
5.0,2.0,1.0,1.0,0.0,34.800628,3.0
5.0,3.0,0.0,0.0,1.0,39.3596799999996,2.0
5.0,3.0,0.0,0.0,6.0,38.3617530000001,2.0
5.0,3.0,0.0,0.0,2.0,40.6386710000006,2.0
5.0,3.0,1.0,1.0,0.0,41.0005860000001,3.0
5.0,3.0,1.0,0.0,4.0,36.2007599999997,3.0
5.0,3.0,0.0,0.0,0.0,39.9608699999999,3.0
5.0,3.0,1.0,1.0,5.0,36.4804640000002,3.0
5.0,3.0,1.0,0.0,0.0,39.6806210000004,3.0
5.0,3.0,0.0,0.0,0.0,36.4394560000001,3.0
5.0,3.0,1.0,1.0,21.0,46.8790949999993,3.0
5.0,3.0,0.0,1.0,1.0,36.840596,3.0
5.0,3.0,1.0,0.0,19.0,47.2794430000004,3.0
5.0,4.0,0.0,1.0,0.0,34.7625989999997,2.0
5.0,4.0,1.0,0.0,5.0,55.5614340000002,2.0
5.0,4.0,0.0,0.0,1.0,35.721098,2.0
5.0,4.0,0.0,0.0,3.0,33.9595509999999,2.0
5.0,4.0,0.0,0.0,15.0,36.7611779999997,2.0
5.0,4.0,1.0,1.0,6.0,35.7600309999998,2.0
5.0,4.0,0.0,1.0,8.0,35.8393740000001,2.0
5.0,4.0,1.0,0.0,3.0,36.9203219999999,2.0
5.0,4.0,0.0,0.0,4.0,38.0815310000007,2.0
5.0,4.0,1.0,1.0,14.0,35.7603770000005,2.0
5.0,4.0,0.0,1.0,7.0,40.0789059999997,2.0
5.0,4.0,1.0,0.0,2.0,36.9996070000007,2.0
5.0,5.0,0.0,0.0,0.0,34.8389939999997,1.0
5.0,5.0,0.0,0.0,0.0,45.1992579999996,1.0
5.0,5.0,0.0,0.0,12.0,34.0391669999999,1.0
5.0,5.0,0.0,0.0,25.0,35.0006759999997,1.0
5.0,5.0,0.0,0.0,1.0,36.2401449999998,1.0
5.0,5.0,1.0,1.0,5.0,33.5621020000008,1.0
5.0,5.0,0.0,1.0,0.0,36.7590760000003,1.0
5.0,5.0,0.0,1.0,1.0,36.4390050000002,1.0
5.0,5.0,0.0,1.0,2.0,37.080371,1.0
5.0,5.0,0.0,1.0,37.0,36.959519,1.0
5.0,5.0,0.0,1.0,0.0,38.600351,1.0
5.0,5.0,0.0,1.0,4.0,38.3220339999998,1.0
5.0,5.0,1.0,0.0,21.0,36.2413799999995,1.0
5.0,5.0,0.0,0.0,8.0,37.9580839999999,1.0
3.0,1.0,0.0,1.0,16.0,34.7584399999996,2.0
3.0,1.0,1.0,0.0,8.0,36.5997079999997,2.0
3.0,1.0,0.0,0.0,34.0,61.2811459999994,2.0
3.0,1.0,0.0,0.0,14.0,41.5197490000028,2.0
3.0,1.0,1.0,1.0,12.0,34.6814329999979,3.0
3.0,1.0,1.0,0.0,9.0,47.5613239999984,3.0
3.0,1.0,1.0,1.0,6.0,36.0008990000024,3.0
3.0,1.0,1.0,0.0,15.0,34.7609740000007,3.0
3.0,1.0,1.0,1.0,5.0,34.440082000001,3.0
3.0,1.0,1.0,0.0,6.0,36.2390650000016,3.0
3.0,1.0,0.0,0.0,131.0,43.0001699999993,3.0
3.0,1.0,0.0,0.0,9.0,35.4415499999996,3.0
3.0,1.0,0.0,0.0,150.0,86.4808669999984,3.0
3.0,2.0,1.0,1.0,9.0,34.44031,2.0
3.0,2.0,1.0,0.0,15.0,38.5192509999997,2.0
3.0,2.0,0.0,0.0,6.0,36.3227569999999,1.0
3.0,2.0,0.0,0.0,45.0,41.4400329999999,1.0
3.0,2.0,0.0,0.0,18.0,47.0014389999997,1.0
3.0,2.0,0.0,0.0,58.0,130.999079,1.0
3.0,2.0,0.0,0.0,17.0,81.4386800000002,1.0
3.0,2.0,0.0,0.0,22.0,38.4404600000007,1.0
3.0,2.0,0.0,0.0,13.0,38.0405639999999,1.0
3.0,2.0,0.0,0.0,17.0,34.9599410000001,1.0
3.0,2.0,0.0,0.0,11.0,37.3594999999996,1.0
3.0,2.0,0.0,0.0,4.0,34.7584050000005,1.0
3.0,3.0,0.0,0.0,7.0,39.9199039999994,1.0
3.0,3.0,0.0,0.0,28.0,32.7207120000003,1.0
3.0,3.0,0.0,0.0,29.0,49.000524,1.0
3.0,3.0,0.0,0.0,88.0,36.5593830000007,1.0
3.0,3.0,0.0,0.0,10.0,41.9189890000007,1.0
3.0,3.0,1.0,1.0,44.0,82.5202589999999,1.0
3.0,3.0,0.0,1.0,10.0,62.2816519999997,1.0
3.0,3.0,1.0,0.0,103.0,47.6400620000004,1.0
3.0,3.0,0.0,0.0,18.0,37.1617370000004,1.0
3.0,3.0,0.0,0.0,105.0,34.6817599999995,1.0
3.0,3.0,1.0,1.0,17.0,57.0000579999996,1.0
3.0,3.0,1.0,0.0,42.0,73.52016,1.0
3.0,3.0,0.0,0.0,32.0,43.4394920000004,1.0
3.0,4.0,1.0,1.0,5.0,39.9614149999998,2.0
3.0,4.0,1.0,0.0,83.0,36.3999860000004,2.0
3.0,4.0,0.0,0.0,56.0,34.5206839999992,2.0
3.0,4.0,0.0,0.0,0.0,33.7594930000014,2.0
3.0,4.0,0.0,0.0,13.0,35.6009129999984,2.0
3.0,4.0,1.0,1.0,27.0,33.8410879999974,3.0
3.0,4.0,1.0,0.0,4.0,42.6814640000011,3.0
3.0,4.0,0.0,0.0,19.0,39.1217519999991,3.0
3.0,4.0,1.0,1.0,20.0,34.8792009999997,3.0
3.0,4.0,1.0,0.0,13.0,43.4395409999997,3.0
3.0,4.0,1.0,1.0,11.0,35.0010669999974,3.0
3.0,4.0,1.0,0.0,14.0,35.3223069999985,3.0
3.0,5.0,1.0,0.0,78.0,32.5181939999993,2.0
3.0,5.0,0.0,0.0,30.0,35.4791279999999,2.0
3.0,5.0,1.0,0.0,7.0,33.557984,2.0
3.0,5.0,0.0,0.0,35.0,35.6002589999998,1.0
3.0,5.0,0.0,0.0,148.0,35.7195080000001,1.0
3.0,5.0,0.0,0.0,13.0,43.2383879999998,1.0
3.0,5.0,0.0,0.0,171.0,34.0417349999998,1.0
3.0,5.0,1.0,1.0,5.0,34.5196040000001,1.0
3.0,5.0,0.0,1.0,15.0,37.9598269999997,1.0
3.0,5.0,0.0,1.0,47.0,35.5601639999995,1.0
3.0,5.0,0.0,1.0,75.0,39.8796560000001,1.0
3.0,5.0,0.0,1.0,65.0,36.9600700000001,1.0
3.0,5.0,1.0,0.0,12.0,35.0004939999999,3.0
3.0,5.0,1.0,1.0,143.0,34.3181039999999,3.0
3.0,5.0,1.0,0.0,8.0,37.8791500000007,3.0
4.0,1.0,0.0,0.0,3.0,48.5203310000006,2.0
4.0,1.0,0.0,0.0,0.0,34.1586189999998,2.0
4.0,1.0,1.0,1.0,1.0,36.6006030000008,3.0
4.0,1.0,1.0,0.0,4.0,47.8784080000005,3.0
4.0,1.0,0.0,0.0,1.0,33.9597589999994,3.0
4.0,1.0,1.0,1.0,0.0,32.7195380000003,3.0
4.0,1.0,0.0,1.0,3.0,35.6409200000007,3.0
4.0,1.0,1.0,0.0,0.0,38.8400649999994,3.0
4.0,1.0,1.0,1.0,15.0,38.319751,3.0
4.0,1.0,0.0,1.0,0.0,34.6799520000004,3.0
4.0,1.0,1.0,0.0,0.0,36.7993259999994,3.0
4.0,1.0,1.0,1.0,18.0,37.7592189999996,3.0
4.0,2.0,0.0,0.0,1.0,35.3575660000006,2.0
4.0,2.0,0.0,0.0,1.0,33.9594619999998,2.0
4.0,2.0,1.0,1.0,3.0,38.9602539999996,2.0
4.0,2.0,1.0,0.0,2.0,35.640641,2.0
4.0,2.0,0.0,0.0,2.0,36.9990880000005,2.0
4.0,2.0,1.0,1.0,2.0,34.7589660000003,2.0
4.0,2.0,1.0,0.0,2.0,41.2415530000007,2.0
4.0,2.0,0.0,0.0,2.0,34.4796120000001,1.0
4.0,2.0,0.0,0.0,2.0,33.7983320000003,1.0
4.0,2.0,0.0,0.0,10.0,33.8798999999999,1.0
4.0,2.0,0.0,0.0,11.0,35.360068,1.0
4.0,2.0,0.0,0.0,20.0,37.4411769999997,1.0
4.0,3.0,0.0,0.0,9.0,42.401734,2.0
4.0,3.0,0.0,0.0,5.0,34.1194160000005,2.0
4.0,3.0,1.0,1.0,5.0,35.7223329999997,2.0
4.0,3.0,1.0,0.0,4.0,36.760859,2.0
4.0,3.0,0.0,0.0,4.0,33.4402140000002,2.0
4.0,3.0,0.0,0.0,6.0,38.4011830000009,2.0
4.0,3.0,0.0,0.0,9.0,33.038243,2.0
4.0,3.0,1.0,1.0,7.0,33.1995930000003,2.0
4.0,3.0,1.0,0.0,4.0,35.0407129999994,2.0
4.0,3.0,0.0,0.0,7.0,34.0007969999997,2.0
4.0,3.0,0.0,0.0,3.0,40.359453,2.0
4.0,3.0,1.0,1.0,1.0,33.5600459999996,2.0
4.0,4.0,1.0,1.0,9.0,33.4407769999998,2.0
4.0,4.0,1.0,0.0,9.0,39.4394379999994,3.0
4.0,4.0,0.0,0.0,4.0,42.0005759999995,3.0
4.0,4.0,1.0,1.0,2.0,32.6799469999996,3.0
4.0,4.0,1.0,0.0,3.0,36.5203739999997,3.0
4.0,4.0,1.0,1.0,8.0,35.7994369999997,3.0
4.0,4.0,1.0,0.0,8.0,34.0008930000004,3.0
4.0,4.0,0.0,0.0,10.0,35.8021939999999,3.0
4.0,4.0,1.0,1.0,7.0,33.9177879999997,3.0
4.0,4.0,1.0,0.0,7.0,36.8016249999991,3.0
4.0,4.0,1.0,1.0,22.0,33.3188089999994,3.0
4.0,4.0,1.0,0.0,11.0,37.0798019999993,3.0
4.0,5.0,1.0,1.0,2.0,34.1589399999993,2.0
4.0,5.0,1.0,0.0,1.0,42.198832,2.0
4.0,5.0,0.0,0.0,3.0,34.6392819999992,2.0
4.0,5.0,1.0,1.0,3.0,34.320557,2.0
4.0,5.0,0.0,1.0,6.0,36.5192620000007,2.0
4.0,5.0,0.0,1.0,1.0,33.2794089999998,2.0
4.0,5.0,1.0,0.0,1.0,33.880717,2.0
4.0,5.0,1.0,1.0,6.0,34.0401090000005,2.0
4.0,5.0,1.0,0.0,9.0,36.5998930000005,2.0
4.0,5.0,0.0,0.0,4.0,35.6814020000002,2.0
4.0,5.0,0.0,0.0,6.0,33.9199980000003,2.0
4.0,5.0,1.0,1.0,12.0,32.8419359999998,2.0
6.0,1.0,0.0,1.0,67.0,38.0410710000006,2.0
6.0,1.0,0.0,1.0,60.0,40.9998420000002,2.0
6.0,1.0,0.0,1.0,64.0,42.3208619999996,2.0
6.0,1.0,1.0,0.0,63.0,43.0398180000002,3.0
6.0,1.0,0.0,0.0,61.0,32.559894,3.0
6.0,1.0,1.0,1.0,53.0,34.9994129999995,3.0
6.0,1.0,1.0,0.0,39.0,36.8423819999998,3.0
6.0,1.0,1.0,1.0,96.0,36.3601140000001,3.0
6.0,1.0,1.0,0.0,55.0,44.7983220000006,3.0
6.0,1.0,1.0,1.0,73.0,34.9597969999995,3.0
6.0,1.0,1.0,0.0,47.0,46.9987729999993,3.0
6.0,1.0,0.0,0.0,63.0,33.761767,3.0
6.0,2.0,1.0,0.0,38.0,45.1981840000003,2.0
6.0,2.0,1.0,1.0,32.0,44.402075,2.0
6.0,2.0,0.0,1.0,31.0,34.5599990000001,2.0
6.0,2.0,1.0,0.0,19.0,38.5604169999997,2.0
6.0,2.0,1.0,1.0,17.0,35.3999539999995,2.0
6.0,2.0,0.0,1.0,111.0,36.5589739999996,2.0
6.0,2.0,0.0,1.0,26.0,38.4768130000002,2.0
6.0,2.0,0.0,1.0,25.0,46.3208189999996,2.0
6.0,2.0,1.0,0.0,33.0,39.4801470000002,2.0
6.0,2.0,1.0,1.0,36.0,34.3586370000003,2.0
6.0,2.0,0.0,1.0,30.0,38.759395,2.0
6.0,2.0,0.0,1.0,107.0,45.1597400000001,2.0
6.0,3.0,1.0,0.0,14.0,35.8398940000002,2.0
6.0,3.0,0.0,0.0,9.0,34.0391630000004,2.0
6.0,3.0,1.0,1.0,21.0,33.6393499999999,3.0
6.0,3.0,1.0,0.0,4.0,34.9206259999996,3.0
6.0,3.0,1.0,1.0,5.0,40.9596879999999,3.0
6.0,3.0,0.0,1.0,18.0,37.0003630000001,3.0
6.0,3.0,1.0,0.0,10.0,33.7605290000001,3.0
6.0,3.0,0.0,0.0,10.0,34.7992549999999,3.0
6.0,3.0,0.0,0.0,23.0,34.9605330000004,3.0
6.0,3.0,1.0,1.0,29.0,38.1197320000001,3.0
6.0,3.0,1.0,0.0,8.0,36.3198919999995,3.0
6.0,3.0,1.0,1.0,14.0,36.3215369999998,3.0
6.0,3.0,0.0,1.0,29.0,35.4401699999999,3.0
6.0,3.0,1.0,0.0,27.0,39.3592950000002,3.0
6.0,4.0,0.0,1.0,0.0,37.319892,2.0
6.0,4.0,0.0,1.0,1.0,35.9204439999999,2.0
6.0,4.0,1.0,0.0,5.0,40.0803750000005,3.0
6.0,4.0,1.0,1.0,10.0,34.3601690000005,3.0
6.0,4.0,1.0,0.0,7.0,41.5613969999995,3.0
6.0,4.0,1.0,1.0,11.0,38.7976770000005,3.0
6.0,4.0,1.0,0.0,6.0,38.3578300000008,3.0
6.0,4.0,1.0,1.0,37.0,43.4385320000001,3.0
6.0,4.0,1.0,0.0,8.0,42.6006140000009,3.0
6.0,4.0,1.0,1.0,47.0,35.2406879999999,3.0
6.0,4.0,1.0,0.0,9.0,42.7601009999998,3.0
6.0,4.0,1.0,1.0,13.0,45.161357,3.0
6.0,5.0,1.0,1.0,4.0,39.562293,2.0
6.0,5.0,1.0,0.0,11.0,33.8415179999997,3.0
6.0,5.0,0.0,0.0,39.0,52.2814970000004,3.0
6.0,5.0,1.0,1.0,33.0,35.3188829999999,3.0
6.0,5.0,1.0,0.0,20.0,43.7593139999999,3.0
6.0,5.0,0.0,0.0,23.0,35.3621929999999,3.0
6.0,5.0,1.0,1.0,10.0,34.6836140000005,3.0
6.0,5.0,1.0,0.0,23.0,45.4791289999994,3.0
6.0,5.0,1.0,1.0,9.0,34.2413129999995,3.0
6.0,5.0,1.0,0.0,16.0,37.3194490000005,3.0
6.0,5.0,0.0,0.0,18.0,38.681963,3.0
6.0,5.0,1.0,1.0,12.0,36.5206680000001,3.0
